FIN_name,SWE_name,ENG_name,Sci_name,Species_Abb,Species_code,Sp,Add,Night,Trend,SpB,SpE,AuB,AuE,P,M,Species_Abb_old,Expected,,
kyhmyjoutsen,knölsvan,Mute Swan,Cygnus olor,CYGOLO,2,1,0,0,2,47,151,196,46,0,1,CYGOLO,x,,182
pikkujoutsen,mindre sångsvan,Tundra Swan,Cygnus columbianus,CYGCOL,3,1,0,0,2,47,151,196,46,1,1,CYGCOL,x,,
laulujoutsen,sångsvan,Whooper Swan,Cygnus cygnus,CYGCYG,6,1,0,0,2,47,151,196,46,0,1,CYGCYG,x,,
metsähanhi,sädgås,Bean Goose,Anser fabalis,ANSFAB,9,1,0,0,2,47,181,196,46,1,1,ANSFAB,x,,
lyhytnokkahanhi,spetsbergsgås,Pink-footed Goose,Anser brachyrhynchus,ANSBRA,13,1,0,0,2,47,181,196,365,1,1,ANSBRA,,,
tundrahanhi,bläsgås,Greater White-fronted Goose,Anser albifrons,ANSALB,14,1,0,0,2,47,181,196,46,1,1,ANSALB,x,,
kiljuhanhi,fjällgås,Lesser White-fronted Goose,Anser erythropus,ANSERY,19,1,0,0,2,47,181,196,365,1,1,ANSERY,,,
merihanhi,grågås,Greylag Goose,Anser anser,ANSANS,22,1,0,0,2,47,151,196,46,0,1,ANSANS,x,,
lumihanhi,snögås,Snow Goose,Anser caerulescens,ANSCAE,27,1,0,0,2,47,181,196,365,1,1,ANSCAE,,,
kanadanhanhi,kanadagås,Canada Goose,Branta canadensis,BRACAN,34,1,0,0,2,47,151,196,46,1,1,BRACAN,x,,
valkoposkihanhi,vitkindad gås,Barnacle Goose,Branta leucopsis,BRALEU,39,1,0,0,2,47,151,196,46,0,1,BRALEU,x,,
sepelhanhi,prutgås,Brant Goose,Branta bernicla,BRABER,41,1,0,0,2,47,181,196,365,0,1,BRABER,x,,
punakaulahanhi,rödhalsad gås,Red-breasted Goose,Branta ruficollis,BRARUF,45,1,0,0,2,47,181,196,365,1,1,BRARUF,,,
ruostesorsa,rostand,Ruddy Shelduck,Tadorna ferruginea,TADFER,50,1,0,0,2,47,181,182,365,1,1,TADFER,,,
ristisorsa,gravand,Common Shelduck,Tadorna tadorna,TADTAD,51,1,0,0,2,47,181,182,365,0,1,TADTAD,,,
mandariinisorsa,mandarinand,Mandarin Duck,Aix galericulata,AIXGAL,53,1,0,0,2,47,181,182,365,1,1,AIXGAL,,,
haapana,bläsand,Eurasian Wigeon,Anas penelope,ANAPEN,55,1,0,0,2,47,151,152,46,1,1,ANAPEN,x,,
harmaasorsa,snatterand,Gadwall,Anas strepera,ANASTR,63,1,0,0,2,47,166,167,365,1,1,ANASTR,x,,
tavi,kricka,Eurasian Teal,Anas crecca,ANACRE,66,1,0,0,2,60,151,152,59,1,1,ANACRE,x,,
sinisorsa,gräsand,Mallard,Anas platyrhynchos,ANAPLA,71,1,0,0,2,47,135,136,46,0,1,ANAPLA,x,,
jouhisorsa,stjärtand,Northern Pintail,Anas acuta,ANAACU,75,1,0,0,2,60,181,182,59,1,1,ANAACU,,,
heinätavi,årta,Garganey,Anas querquedula,ANAQUE,76,1,0,0,2,48,181,182,365,1,1,ANAQUE,,,
lapasorsa,skedand,Northern Shoveler,Anas clypeata,ANACLY,80,1,0,0,2,47,151,152,365,1,1,ANACLY,,,
punasotka,brunand,Common Pochard,Aythya ferina,AYTFER,86,1,0,0,2,60,166,167,365,1,1,AYTFER,,,
amerikantukkasotka,ringand,Ring-necked Duck,Aythya collaris,AYTCOL,88,1,0,0,2,47,181,182,365,1,1,AYTCOL,,,
tukkasotka,vigg,Tufted Duck,Aythya fuligula,AYTFUL,91,1,0,0,2,60,160,161,59,0,1,AYTFUL,x,,
lapasotka,bergand,Greater Scaup,Aythya marila,AYTMAR,93,1,0,0,2,60,181,182,59,1,1,AYTMAR,,,
haahka,ejder,Common Eider,Somateria mollissima,SOMMOL,98,1,0,0,1,47,130,131,46,1,1,SOMMOL,x,,
kyhmyhaahka,praktejder,King Eider,Somateria spectabilis,SOMSPE,101,1,0,0,2,47,181,182,46,1,1,SOMSPE,,,
allihaahka,alförrädare,Steller's Eider,Polysticta stelleri,POLSTE,103,1,0,0,2,60,181,182,59,1,1,POLSTE,,,
alli,alfågel,Long-tailed Duck,Clangula hyemalis,CLAHYE,105,1,0,0,2,47,181,182,365,1,1,CLAHYE,x,,
mustalintu,sjöorre,Common Scoter,Melanitta nigra,MELNIG,106,1,0,0,2,60,166,167,59,1,1,MELNIG,x,,
pilkkaniska,vitnackad svärta,Surf Scoter,Melanitta perspicillata,MELPER,109,1,0,0,2,48,181,182,365,1,1,MELPER,,,
pilkkasiipi,svärta,Velvet Scoter,Melanitta fusca,MELFUS,110,1,0,0,2,60,151,152,59,0,1,MELFUS,,,
kyhmypilkkasiipi,knölsvärta,White-winged Scoter,Melanitta deglandi,MELDEG,112,1,0,0,2,47,181,182,365,1,1,MELDEG,,,
telkkä,knipa,Common Goldeneye,Bucephala clangula,BUCCLA,117,1,0,0,2,60,125,126,59,1,1,BUCCLA,x,,
uivelo,salskrake,Smew,Mergellus albellus,MERALB,119,1,0,0,2,60,151,152,59,1,1,MERALB,,,
tukkakoskelo,småskrake,Red-breasted Merganser,Mergus serrator,MERSER,121,1,0,0,2,47,151,182,365,0,1,MERSER,x,,
isokoskelo,storskrake,Common Merganser,Mergus merganser,MERMER,122,1,0,0,2,47,135,136,46,0,1,MERMER,x,,
viiriäinen,vaktel,Common Quail,Coturnix coturnix,COTCOT,133,1,0,0,2,47,181,196,365,1,1,COTCOT,,,
pyy,järpe,Hazel Grouse,Tetrastes bonasia,TETBON,137,1,0,0,2,47,181,196,365,1,1,TETBON,,,
teeri,orre,Black Grouse,Tetrao tetrix,TETRIX,143,1,0,0,2,60,151,196,365,1,1,TETRIX,,,
metso,tjäder,Western Capercaillie,Tetrao urogallus,TETURO,145,1,0,0,2,47,181,196,365,1,1,TETURO,,,
peltopyy,rapphöna,Grey Partridge,Perdix perdix,PERPER,147,1,0,0,2,47,181,196,365,1,1,PERPER,,,
fasaani,fasan,Common Pheasant,Phasianus colchicus,PHACOL,148,1,0,0,2,47,181,196,365,1,1,PHACOL,,,
kaakkuri,smålom,Red-throated Loon,Gavia stellata,GAVSTE,150,1,0,0,2,60,166,196,59,1,1,GAVSTE,x,,
kuikka,storlom,Black-throated Loon,Gavia arctica,GAVARC,151,1,0,0,2,60,166,196,365,1,1,GAVARC,,,
amerikanjääkuikka,svartnäbbad islom,Great Northern Loon,Gavia immer,GAVIMM,153,1,0,0,2,47,166,196,365,1,1,GAVIMM,,,
jääkuikka,vitnäbbad islom,Yellow-billed Loon,Gavia adamsii,GAVADA,154,1,0,0,2,47,166,196,365,1,1,GAVADA,,,
pikku-uikku,smådopping,Little Grebe,Tachybaptus ruficollis,TACRUF,157,1,0,0,2,47,181,182,365,1,1,TACRUF,,,
silkkiuikku,skäggdopping,Great Crested Grebe,Podiceps cristatus,PODCRI,158,1,0,0,2,60,151,182,59,1,1,PODCRI,,,
härkälintu,gråhakedopping,Red-necked Grebe,Podiceps grisegena,PODGRI,159,1,0,0,2,60,151,182,59,1,1,PODGRI,,,
mustakurkku-uikku,svarthakedopping,Horned Grebe,Podiceps auritus,PODAUR,161,1,0,0,2,60,151,182,59,1,1,PODAUR,,,
merimetso,storskarv,Great Cormorant,Phalacrocorax carbo,PHACAR,176,1,0,0,2,47,151,182,365,1,1,PHACAR,x,,
kaulushaikara,rördrom,Eurasian Bittern,Botaurus stellaris,BOTSTE,184,1,0,1,2,47,181,182,365,1,1,BOTSTE,x,L,
jalohaikara,ägretthäger,Great Egret,Egretta alba,EGRALB,194,1,0,0,2,47,181,182,365,1,1,EGRALB,,,
harmaahaikara,gråhäger,Grey Heron,Ardea cinerea,ARDCIN,196,1,0,0,2,60,151,168,59,1,1,ARDCIN,x,,
mustahaikara,svart stork,Black Stork,Ciconia nigra,CICNIG,200,1,0,0,2,47,181,182,365,1,1,CICNIG,,,
kattohaikara,vit stork,White Stork,Ciconia ciconia,CICCIC,202,1,0,0,2,47,181,182,365,1,1,CICCIC,,,
pronssi-iibis,bronsibis,Glossy Ibis,Plegadis falcinellus,PLEFAL,205,1,0,0,2,47,181,182,365,1,1,PLEFAL,,,
mehiläishaukka,bivråk,European Honey Buzzard,Pernis apivorus,PERAPI,211,1,0,0,2,47,181,196,365,1,1,PERAPI,,,
haarahaukka,brun glada,Black Kite,Milvus migrans,MILMIG,213,1,0,0,2,47,151,182,365,1,1,MILMIG,,,
isohaarahaukka,röd glada,Red Kite,Milvus milvus,MILMIL,215,1,0,0,2,47,181,182,365,1,1,MILMIL,,,
merikotka,havsörn,White-tailed Eagle,Haliaeetus albicilla,HALALB,218,1,0,0,2,47,151,196,365,0,1,HALALB,,,
käärmekotka,ormörn,Short-toed Eagle,Circaetus gallicus,CIRGAL,224,1,0,0,2,47,181,182,365,1,1,CIRGAL,,,
ruskosuohaukka,brun kärrhök,Western Marsh Harrier,Circus aeruginosus,CIRAER,225,1,0,0,2,47,166,182,365,1,1,CIRAER,,,
sinisuohaukka,blå kärrhök,Northern Harrier,Circus cyaneus,CIRCYA,226,1,0,0,2,47,166,182,365,1,1,CIRCYA,,,
arosuohaukka,stäpphök,Pallid Harrier,Circus macrourus,CIRMAC,228,1,0,0,2,47,166,182,365,1,1,CIRMAC,,,
niittysuohaukka,ängshök,Montagu's Harrier,Circus pygargus,CIRPYG,230,1,0,0,2,47,166,182,365,1,1,CIRPYG,,,
kanahaukka,duvhök,Northern Goshawk,Accipiter gentilis,ACCGEN,234,1,0,0,2,47,151,182,365,0,1,ACCGEN,x,,
varpushaukka,sparvhök,Eurasian Sparrowhawk,Accipiter nisus,ACCNIS,237,1,0,0,2,47,166,196,365,0,1,ACCNIS,x,,
hiirihaukka,ormvråk,Common Buzzard,Buteo buteo,BUTBUT,239,1,0,0,2,47,166,196,365,1,1,BUTBUT,,,
arohiirihaukka,örnvråk,Long-legged Buzzard,Buteo rufinus,BUTRUF,242,1,0,0,2,47,181,182,365,1,1,BUTRUF,,,
piekana,fjällvråk,Rough-legged Buzzard,Buteo lagopus,BUTLAG,243,1,0,0,2,47,181,182,365,1,1,BUTLAG,,,
kiljukotka,större skrikörn,Greater Spotted Eagle,Aquila clanga,AQUCLA,246,1,0,0,2,47,181,182,365,1,1,AQUCLA,,,
pikkukiljukotka,mindre skrikörn,Lesser Spotted Eagle,Aquila pomarina,AQUPOM,248,1,0,0,2,47,181,182,365,1,1,AQUPOM,,,
maakotka,kungsörn,Golden Eagle,Aquila chrysaetos,AQUCHR,251,1,0,0,2,47,181,182,365,1,1,AQUCHR,,,
arokotka,stäppörn,Steppe Eagle,Aquila nipalensis,AQUNIP,252,1,0,0,2,47,181,182,365,1,1,AQUNIP,,,
sääksi,fiskgjuse,Osprey,Pandion haliaetus,PANHAL,259,1,0,0,2,47,181,196,365,0,1,PANHAL,,,
tuulihaukka,tornfalk,Common Kestrel,Falco tinnunculus,FALTIN,261,1,0,0,2,60,151,196,365,1,1,FALTIN,,,
punajalkahaukka,aftonfalk,Red-footed Falcon,Falco vespertinus,FALVES,263,1,0,0,2,47,166,196,365,1,1,FALVES,,,
ampuhaukka,stenfalk,Merlin,Falco columbarius,FALCOL,264,1,0,0,2,60,166,196,365,1,1,FALCOL,,,
nuolihaukka,lärkfalk,Eurasian Hobby,Falco subbuteo,FALSUB,265,1,0,0,2,47,166,196,365,0,1,FALSUB,x,,
tunturihaukka,jaktfalk,Gyrfalcon,Falco rusticolus,FALRUS,269,1,0,0,2,60,166,196,59,1,1,FALRUS,,,
muuttohaukka,pilgrimsfalk,Peregrine Falcon,Falco peregrinus,FALPER,270,1,0,0,2,47,166,196,365,1,1,FALPER,,,
luhtakana,vattenrall,Water Rail,Rallus aquaticus,RALAQU,279,1,0,0,2,47,151,196,365,1,1,RALAQU,,,
luhtahuitti,småfläckig sumphöna,Spotted Crake,Porzana porzana,PORPOR,280,1,0,0,2,47,166,196,365,1,1,PORPOR,,,
ruisrääkkä,kornknarr,Corn Crake,Crex crex,CRECRE,287,1,0,0,2,47,166,196,365,1,1,CRECRE,,,
liejukana,rörhöna,Common Moorhen,Gallinula chloropus,GALCHL,288,1,0,0,2,47,181,196,365,1,1,GALCHL,,,
nokikana,sothöna,Eurasian Coot,Fulica atra,FULATR,291,1,0,0,2,60,151,196,365,1,1,FULATR,x,,
kurki,trana,Common Crane,Grus grus,GRUGRU,294,1,0,0,2,47,151,196,365,1,1,GRUGRU,x,,
avosetti,skärfläcka,Pied Avocet,Recurvirostra avosetta,RECAVO,302,1,0,0,2,47,181,182,365,1,1,RECAVO,,,
meriharakka,strandskata,Eurasian Oystercatcher,Haematopus ostralegus,HAEOST,303,1,0,0,2,47,151,182,365,0,1,HAEOST,x,,
kapustarinta,ljungpipare,European Golden Plover,Pluvialis apricaria,PLUAPR,307,1,0,0,2,47,151,182,365,1,1,PLUAPR,x,,
tundrakurmitsa,kustpipare,Grey Plover,Pluvialis squatarola,PLUSQU,308,1,0,0,2,47,166,182,365,1,1,PLUSQU,x,,
töyhtöhyyppä,tofsvipa,Northern Lapwing,Vanellus vanellus,VANVAN,312,1,0,0,2,47,135,136,365,1,1,VANVAN,x,,
pikkutylli,mindre strandpipare,Little Ringed Plover,Charadrius dubius,CHADUB,313,1,0,0,2,47,151,182,365,1,1,CHADUB,x,,
tylli,större strandpipare,Common Ringed Plover,Charadrius hiaticula,CHAHIA,314,1,0,0,2,47,166,182,365,0,1,CHAHIA,x,,
keräkurmitsa,fjällpipare,Eurasian Dotterel,Charadrius morinellus,CHAMOR,322,1,0,0,2,47,166,182,365,1,1,CHAMOR,,,
pikkukuovi,småspov,Whimbrel,Numenius phaeopus,NUMPHA,326,1,0,0,2,47,166,167,365,1,1,NUMPHA,x,,
kuovi,storspov,Eurasian Curlew,Numenius arquata,NUMARQ,327,1,0,0,2,47,151,152,365,1,1,NUMARQ,x,,
mustapyrstökuiri,rödspov,Black-tailed Godwit,Limosa limosa,LIMLIM,329,1,0,0,2,47,151,182,365,1,1,LIMLIM,,,
punakuiri,myrspov,Bar-tailed Godwit,Limosa lapponica,LIMLAP,331,1,0,0,2,47,166,182,365,0,1,LIMLAP,x,,
karikukko,roskarl,Ruddy Turnstone,Arenaria interpres,AREINT,334,1,0,0,2,47,151,182,365,0,1,AREINT,,,
isosirri,kustsnäppa,Red Knot,Calidris canutus,CALCAN,335,1,0,0,2,47,181,182,365,1,1,CALCAN,x,,
suokukko,brushane,Ruff,Calidris pugnax,CALPUG,336,1,0,0,2,47,151,152,365,1,1,PHIPUG,,,
jänkäsirriäinen,myrsnäppa,Broad-billed Sandpiper,Calidris falcinellus,CALFAL,338,1,0,0,2,47,166,167,365,1,1,LIMFAL,x,,
kuovisirri,spovsnäppa,Curlew Sandpiper,Calidris ferruginea,CALFER,339,1,0,0,2,47,181,182,365,1,1,CALFER,x,,
lapinsirri,mosnäppa,Temminck's Stint,Calidris temminckii,CALTEM,344,1,0,0,2,47,166,182,365,1,1,CALTEM,x,,
pulmussirri,sandlöpare,Sanderling,Calidris alba,CALALB,345,1,0,0,2,47,181,182,365,1,1,CALALB,,,
suosirri,kärrsnäppa,Dunlin,Calidris alpina,CALALP,346,1,0,0,2,47,166,167,365,1,1,CALALP,x,,
merisirri,skärsnäppa,Purple Sandpiper,Calidris maritima,CALMAR,349,1,0,0,2,60,151,182,59,1,1,CALMAR,,,
pikkusirri,småsnäppa,Little Stint,Calidris minuta,CALUTA,351,1,0,0,2,47,166,182,365,1,1,CALUTA,,,
vesipääsky,smalnäbbad simsnäppa,Red-necked Phalarope,Phalaropus lobatus,PHALOB,359,1,0,0,2,47,166,182,365,1,1,PHALOB,,,
isovesipääsky,brednäbbad simsnäppa,Red Phalarope,Phalaropus fulicarius,PHAFUL,360,1,0,0,2,47,166,182,365,1,1,PHAFUL,,,
rantakurvi,tereksnäppa,Terek Sandpiper,Xenus cinereus,XENCIN,363,1,0,0,2,47,166,182,365,1,1,XENCIN,,,
rantasipi,drillsnäppa,Common Sandpiper,Actitis hypoleucos,ACTHYP,364,1,0,0,2,47,160,161,365,1,1,ACTHYP,x,,
metsäviklo,skogssnäppa,Green Sandpiper,Tringa ochropus,TRIOCH,367,1,0,0,2,47,143,144,365,1,1,TRIOCH,x,,
mustaviklo,svartsnäppa,Spotted Redshank,Tringa erythropus,TRIERY,368,1,0,0,2,47,151,152,365,1,1,TRIERY,x,,
valkoviklo,gluttsnäppa,Common Greenshank,Tringa nebularia,TRINEB,369,1,0,0,2,47,166,167,365,1,1,TRINEB,x,,
lampiviklo,dammsnäppa,Marsh Sandpiper,Tringa stagnatilis,TRISTA,372,1,0,0,2,47,166,182,365,1,1,TRISTA,,,
liro,grönbena,Wood Sandpiper,Tringa glareola,TRIGLA,373,1,0,0,2,47,160,161,365,1,1,TRIGLA,x,,
punajalkaviklo,rödbena,Common Redshank,Tringa totanus,TRITOT,374,1,0,0,2,47,166,167,365,0,1,TRITOT,x,,
jänkäkurppa,dvärgbeckasin,Jack Snipe,Lymnocryptes minimus,LYMMIN,376,1,0,0,2,60,166,182,365,1,1,LYMMIN,,,
lehtokurppa,morkulla,Eurasian Woodcock,Scolopax rusticola,SCORUS,379,1,0,0,2,60,151,182,365,1,1,SCORUS,x,,
taivaanvuohi,enkelbeckasin,Common Snipe,Gallinago gallinago,GALGAL,380,1,0,0,2,47,151,182,365,1,1,GALGAL,x,,
heinäkurppa,dubbelbeckasin,Great Snipe,Gallinago media,GALMED,382,1,0,0,2,47,151,182,365,1,1,GALMED,,,
leveäpyrstökihu,bredstjärtad labb,Pomarine Skua,Stercorarius pomarinus,STEPOM,398,1,0,0,2,47,166,182,365,1,1,STEPOM,,,
merikihu,kustlabb,Parasitic Jaeger,Stercorarius parasiticus,STECUS,399,1,0,0,2,47,166,182,365,0,1,STECUS,,,
tunturikihu,fjällabb,Long-tailed Jaeger,Stercorarius longicaudus,STELON,401,1,0,0,2,47,166,182,365,1,1,STELON,,,
isokihu,storlabb,Great Skua,Stercorarius skua,STESKU,402,1,0,0,2,47,166,182,365,1,1,STESKU,,,
riskilä,tobisgrissla,Black Guillemot,Cepphus grylle,CEPGRY,405,1,0,0,2,60,151,182,59,0,1,CEPGRY,,,
ruokki,tordmule,Razorbill,Alca torda,ALCTOR,406,1,0,0,2,47,151,182,365,1,1,ALCTOR,,,
pikkuruokki,alkekung,Little Auk,Alle alle,ALLALL,407,1,0,0,2,47,181,182,365,1,1,ALLALL,,,
etelänkiisla,sillgrissla,Common Murre,Uria aalge,URIAAL,408,1,0,0,2,47,181,182,365,1,1,URIAAL,,,
pikkutiira,småtärna,Little Tern,Sternula albifrons,STEALB,411,1,0,0,2,47,181,182,365,1,1,STEALB,,,
räyskä,skräntärna,Caspian Tern,Hydroprogne caspia,HYDCAS,413,1,0,0,2,47,151,182,365,1,1,STECAS,x,,
mustatiira,svarttärna,Black Tern,Chlidonias niger,CHLNIG,415,1,0,0,2,47,166,182,365,1,1,CHLNIG,,,
riuttatiira,kentsk tärna,Sandwich Tern,Sterna sandvicensis,STESAN,418,1,0,0,2,47,151,182,365,1,1,STESAN,x,,
kalatiira,fisktärna,Common Tern,Sterna hirundo,STEHIR,420,1,0,0,2,47,151,182,365,0,1,STEHIR,x,,
lapintiira,silvertärna,Arctic Tern,Sterna paradisaea,STEAEA,421,1,0,0,2,47,151,182,365,0,1,STEAEA,x,,
pikkulokki,dvärgmås,Little Gull,Hydrocoloeus minutus,HYDMIN,425,1,0,0,2,60,151,182,365,1,1,LARMIN,,,
pikkukajava,tretåig mås,Black-legged Kittiwake,Rissa tridactyla,RISTRI,429,1,0,0,2,47,166,182,365,1,1,RISTRI,,,
naurulokki,skrattmås,Black-headed Gull,Larus ridibundus,LARRID,432,1,0,0,2,60,160,161,59,0,1,LARRID,x,,
kalalokki,fiskmås,Mew Gull,Larus canus,LARCAN,438,1,0,0,2,60,151,182,59,0,1,LARCAN,x,,
selkälokki,silltrut,Lesser Black-backed Gull,Larus fuscus,LARFUS,441,1,0,0,2,47,151,182,365,0,1,LARFUS,,,
harmaalokki,gråtrut,European Herring Gull,Larus argentatus,LARARG,449,1,0,0,2,47,151,182,46,0,1,LARARG,x,L,
aroharmaalokki,kaspisk trut,Caspian Gull,Larus cachinnans,LARCAC,454,1,0,0,2,47,151,182,365,1,1,LARCAC,,,
isolokki,vittrut,Glaucous Gull,Larus hyperboreus,LARHYP,461,1,0,0,2,59,151,182,60,1,1,LARHYP,,,
merilokki,havstrut,Great Black-backed Gull,Larus marinus,LARMAR,463,1,0,0,2,47,151,182,46,1,1,LARMAR,x,L,
kesykyyhky,tamduva,Common Pigeon,Columba livia,COLLIV,470,1,0,0,1,47,151,152,365,0,1,COLLIV,,,
uuttukyyhky,skogsduva,Stock Dove,Columba oenas,COLOEN,471,1,0,0,2,47,151,182,365,0,1,COLOEN,,,
sepelkyyhky,ringduva,Common Wood Pigeon,Columba palumbus,COLPAL,472,1,0,0,2,47,151,182,365,0,1,COLPAL,x,,
turkinkyyhky,turkduva,Eurasian Collared Dove,Streptopelia decaocto,STRDEC,475,1,1,0,2,47,166,182,365,1,1,STRDEC,,,
turturikyyhky,turturduva,European Turtle Dove,Streptopelia turtur,STRTUR,477,1,1,0,2,47,166,182,365,1,1,STRTUR,,,
harakkakäki,skatgök,Great Spotted Cuckoo,Clamator glandarius,CLAGLA,485,1,1,0,2,47,181,182,365,1,1,CLAGLA,,,
käki,gök,Common Cuckoo,Cuculus canorus,CUCCAN,486,1,0,0,2,47,166,182,365,1,1,CUCCAN,,,
huuhkaja,berguv,Eurasian Eagle Owl,Bubo bubo,BUBBUB,493,1,1,0,2,47,166,196,46,1,0,BUBBUB,,,
tunturipöllö,fjälluggla,Snowy Owl,Bubo scandiacus,BUBSCA,494,1,1,0,2,60,166,196,59,1,1,BUBSCA,,,
hiiripöllö,hökuggla,Northern Hawk Owl,Surnia ulula,SURULU,495,1,1,0,2,60,166,196,59,1,1,SURULU,,,
varpuspöllö,sparvuggla,Eurasian Pygmy Owl,Glaucidium passerinum,GLAPAS,496,1,1,0,2,47,166,196,365,1,1,GLAPAS,x,,
lehtopöllö,kattuggla,Tawny Owl,Strix aluco,STRALU,498,1,1,0,2,47,166,196,365,1,1,STRALU,x,,
viirupöllö,slaguggla,Ural Owl,Strix uralensis,STRURA,499,1,1,0,2,47,166,196,365,1,1,STRURA,,,
lapinpöllö,lappuggla,Great Grey Owl,Strix nebulosa,STRNEB,500,1,1,0,2,47,166,196,365,1,1,STRNEB,,,
sarvipöllö,hornuggla,Long-eared Owl,Asio otus,ASIOTU,503,1,1,0,2,60,166,196,59,1,1,ASIOTU,,,
suopöllö,jorduggla,Short-eared Owl,Asio flammeus,ASIFLA,504,1,1,0,2,60,166,196,365,1,1,ASIFLA,,,
helmipöllö,pärluggla,Boreal Owl,Aegolius funereus,AEGFUN,506,1,1,0,2,47,166,196,365,1,1,AEGFUN,x,,
kehrääjä,nattskärra,European Nightjar,Caprimulgus europaeus,CAPEUR,511,1,1,0,2,47,166,182,365,1,1,CAPEUR,x,,
tervapääsky,tornseglare,Common Swift,Apus apus,APUAPU,514,1,0,0,2,47,166,182,365,0,1,APUAPU,x,H,
vaaleakiitäjä,blek tornseglare,Pallid Swift,Apus pallidus,APUPAL,515,1,1,0,2,47,166,182,365,1,1,APUPAL,,,
kuningaskalastaja,kungsfiskare,Common Kingfisher,Alcedo atthis,ALCATT,519,1,1,0,2,47,166,182,365,1,1,ALCATT,,,
mehiläissyöjä,biätare,European Bee-eater,Merops apiaster,MERAPI,520,1,1,0,2,47,166,182,365,1,1,MERAPI,,,
harjalintu,härfågel,Hoopoe,Upupa epops,UPUEPO,524,1,1,0,2,47,166,182,365,1,1,UPUEPO,,,
käenpiika,göktyta,Eurasian Wryneck,Jynx torquilla,JYNTOR,525,1,0,0,2,47,166,196,365,1,1,JYNTOR,,,
harmaapäätikka,gråspett,Grey-headed Woodpecker,Picus canus,PICCAN,526,1,1,0,2,47,151,182,365,1,1,PICCAN,x,,
palokärki,spillkråka,Black Woodpecker,Dryocopus martius,DRYMAR,530,1,0,0,2,60,151,182,365,1,1,DRYMAR,x,,
käpytikka,större hackspett,Great Spotted Woodpecker,Dendrocopos major,DENMAJ,531,1,0,0,2,60,151,182,365,0,1,DENMAJ,x,,
valkoselkätikka,vitryggig hackspett,White-backed Woodpecker,Dendrocopos leucotos,DENLEU,534,1,1,0,2,60,151,182,365,1,1,DENLEU,x,,
pikkutikka,mindre hackspett,Lesser Spotted Woodpecker,Dendrocopos minor,DENMIN,535,1,0,0,2,60,151,182,365,1,1,DENMIN,x,,
pohjantikka,tretåig hackspett,Three-toed Woodpecker,Picoides tridactylus,PICTRI,538,1,1,0,2,60,151,182,365,1,1,PICTRI,x,,
lyhytvarvaskiuru,korttålärka,Greater Short-toed Lark,Calandrella brachydactyla,CALBRA,547,1,0,0,2,47,166,182,365,1,1,CALBRA,,,
kangaskiuru,trädlärka,Woodlark,Lullula arborea,LULARB,552,1,0,0,2,47,151,196,365,0,1,LULARB,x,,
kiuru,sånglärka,Eurasian Skylark,Alauda arvensis,ALAARV,553,1,0,0,2,32,151,196,365,1,1,ALAARV,x,,
tunturikiuru,berglärka,Horned Lark,Eremophila alpestris,EREALP,555,1,1,0,2,60,151,196,365,1,1,EREALP,,,
törmäpääsky,backsvala,Sand Martin,Riparia riparia,RIPRIP,556,1,0,0,2,47,166,182,365,1,1,RIPRIP,x,,
haarapääsky,ladusvala,Barn Swallow,Hirundo rustica,HIRRUS,558,1,0,0,2,47,166,196,365,0,1,HIRRUS,x,,
räystäspääsky,hussvala,Common House Martin,Delichon urbicum,DELURB,561,1,0,0,2,47,166,196,365,0,1,DELURB,x,,
ruostepääsky,rostgumpsvala,Red-rumped Swallow,Cecropis daurica,CECDAU,563,1,1,0,2,47,166,196,365,1,1,CECDAU,,,
isokirvinen,större piplärka,Richard's Pipit,Anthus richardi,ANTRIC,567,1,1,0,2,47,166,196,365,1,1,ANTRIC,,,
nummikirvinen,fältpiplärka,Tawny Pipit,Anthus campestris,ANTCAM,570,1,1,0,2,47,166,196,365,1,1,ANTCAM,,,
taigakirvinen,sibirisk piplärka,Olive-backed Pipit,Anthus hodgsoni,ANTHOD,572,1,1,0,2,47,166,196,365,1,1,ANTHOD,,,
metsäkirvinen,trädpiplärka,Tree Pipit,Anthus trivialis,ANTTRI,573,1,0,0,2,47,151,196,365,0,1,ANTTRI,x,,
niittykirvinen,ängspiplärka,Meadow Pipit,Anthus pratensis,ANTPRA,576,1,0,0,2,60,151,196,365,0,1,ANTPRA,x,,
lapinkirvinen,rödstrupig piplärka,Red-throated Pipit,Anthus cervinus,ANTCER,577,1,0,0,2,47,166,196,365,1,1,ANTCER,x,,
luotokirvinen,skärpiplärka,Eurasian Rock Pipit,Anthus petrosus,ANTPET,578,1,0,0,2,60,151,196,365,1,1,ANTSPI,x,,
keltavästäräkki,gulärla,Yellow Wagtail,Motacilla flava,MOTFLA,581,1,0,0,2,47,166,182,365,1,1,MOTFLA,x,,
sitruunavästäräkki,citronärla,Citrine Wagtail,Motacilla citreola,MOTCIT,590,1,1,0,2,47,151,182,365,1,1,MOTCIT,,,
virtavästäräkki,forsärla,Grey Wagtail,Motacilla cinerea,MOTCIN,592,1,1,0,2,47,151,182,365,1,1,MOTCIN,,,
västäräkki,sädesärla,White Wagtail,Motacilla alba,MOTALB,593,1,0,0,2,47,151,196,365,0,1,MOTALB,x,,
tilhi,sidensvans,Bohemian Waxwing,Bombycilla garrulus,BOMGAR,600,1,0,0,2,60,151,182,59,1,1,BOMGAR,x,,
koskikara,strömstare,White-throated Dipper,Cinclus cinclus,CINCIN,601,1,1,0,2,60,151,182,59,1,1,CINCIN,,,
peukaloinen,gärdsmyg,Winter Wren,Troglodytes troglodytes,TROTRO,602,1,0,0,2,60,151,196,365,1,0,TROTRO,x,,
rautiainen,järnsparv,Dunnock,Prunella modularis,PRUMOD,603,1,0,0,2,60,151,196,365,1,1,PRUMOD,x,,
taigarautiainen,sibirisk järnsparv,Siberian Accentor,Prunella montanella,PRUMON,604,1,1,0,2,47,151,182,365,1,1,PRUMON,,,
mustakurkkurautiainen,svartstrupig järnsparv,Black-throated Accentor,Prunella atrogularis,PRUATR,605,1,1,0,2,47,151,182,365,1,1,PRUATR,,,
punarinta,rödhake,European Robin,Erithacus rubecula,ERIRUB,610,1,0,0,2,60,151,196,365,1,0,ERIRUB,x,,
satakieli,näktergal,Thrush Nightingale,Luscinia luscinia,LUSLUS,611,1,0,0,2,47,166,196,365,1,0,LUSLUS,x,,
etelänsatakieli,sydnäktergal,Common Nightingale,Luscinia megarhynchos,LUSMEG,612,1,1,0,2,47,166,182,365,1,1,LUSMEG,,,
sinirinta,blåhake,Bluethroat,Luscinia svecica,LUSSVE,614,1,0,0,2,47,181,182,365,1,0,LUSSVE,,,
sinipyrstö,tajgablåstjärt, Red-flanked Bluetail,Tarsiger cyanurus,TARCYA,616,1,1,0,2,47,181,182,365,1,1,TARCYA,,,
mustaleppälintu,svart rödstjärt,Black Redstart,Phoenicurus ochruros,PHOOCH,620,1,0,0,2,60,166,196,365,1,1,PHOOCH,,,
leppälintu,rödstjärt,Common Redstart,Phoenicurus phoenicurus,PHOPHO,622,1,1,0,2,47,166,196,365,1,0,PHOPHO,x,,
pensastasku,buskskvätta,Whinchat,Saxicola rubetra,SAXTRA,628,1,0,0,2,47,166,182,365,1,1,SAXRUB,x,,
sepeltasku,vitgumpad buskskvätta,Siberian Stonechat,Saxicola maurus,SAXMAU,630,1,1,0,2,47,166,182,365,1,1,SAXMAU,,,
mustapäätasku,svarthakad buskskvätta,European Stonechat,Saxicola rubicola,SAXOLA,634,1,1,0,2,47,166,182,365,1,1,SAXOLA,,,
kivitasku,stenskvätta,Northern Wheatear,Oenanthe oenanthe,OENOEN,639,1,0,0,2,47,166,196,365,0,1,OENOEN,x,,
nunnatasku,nunnestenskvätta,Pied Wheatear,Oenanthe pleschanka,OENPLE,640,1,1,0,2,47,166,182,365,1,1,OENPLE,,,
sepelrastas,ringtrast,Ring Ouzel,Turdus torquatus,TURTOR,653,1,1,0,2,47,166,182,365,1,1,TURTOR,,,
mustarastas,koltrast,Common Blackbird,Turdus merula,TURMER,654,1,0,0,2,60,151,196,59,0,1,TURMER,x,,
ruostesiipirastas,bruntrast,Dusky Thrush,Turdus eunomus,TUREUN,657,1,1,0,2,60,166,182,59,1,1,TUREUN,,,
mustakaularastas,svarthalsad trast,Black-throated Thrush,Turdus atrogularis,TURATR,659,1,1,0,2,60,166,182,59,1,1,TURATR,,,
räkättirastas,björktrast,Fieldfare,Turdus pilaris,TURPIL,662,1,0,0,2,60,151,196,59,0,1,TURPIL,x,,
laulurastas,taltrast,Song Thrush,Turdus philomelos,TURPHI,663,1,0,0,2,60,151,196,59,1,1,TURPHI,x,,
punakylkirastas,rödvingetrast,Redwing,Turdus iliacus,TURILI,664,1,0,0,2,60,151,196,59,1,1,TURILI,x,,
kulorastas,dubbeltrast,Mistle Thrush,Turdus viscivorus,TURVIS,665,1,0,0,2,60,151,196,59,1,1,TURVIS,x,,
pensassirkkalintu,gräshoppsångare,Common Grasshopper Warbler,Locustella naevia,LOCNAE,671,1,1,0,2,47,166,196,365,1,1,LOCNAE,,,
viitasirkkalintu,flodsångare,River Warbler,Locustella fluviatilis,LOCFLU,673,1,1,0,2,47,166,196,365,1,1,LOCFLU,,,
pikkukultarinta,stäppsångare,Booted Warbler,Iduna caligata,IDUCAL,677,1,1,0,2,47,166,182,365,1,1,IDUCAL,,,
kultarinta,härmsångare,Icterine Warbler,Hippolais icterina,HIPICT,684,1,0,0,2,47,166,196,365,1,0,HIPICT,x,,
ruokokerttunen,sävsångare,Sedge Warbler,Acrocephalus schoenobaenus,ACRSCH,687,1,0,0,2,47,166,196,365,1,0,ACRSCH,x,,
kenttäkerttunen,fältsångare,Paddyfield Warbler,Acrocephalus agricola,ACRAGR,688,1,1,0,2,47,166,196,365,1,1,ACRAGR,,,
viitakerttunen,busksångare,Blyth's Reed Warbler,Acrocephalus dumetorum,ACRDUM,689,1,0,0,2,47,166,196,365,1,0,ACRDUM,,,
luhtakerttunen,kärrsångare,Marsh Warbler,Acrocephalus palustris,ACRRIS,690,1,0,0,2,47,166,196,365,1,0,ACRRIS,,,
rytikerttunen,rörsångare,Eurasian Reed Warbler,Acrocephalus scirpaceus,ACRSCI,692,1,0,0,2,47,166,196,365,1,0,ACRSCI,,,
rastaskerttunen,trastsångare,Great Reed Warbler,Acrocephalus arundinaceus,ACRARU,696,1,1,0,2,47,166,196,365,1,1,ACRARU,,,
rusorintakerttu,rödstrupig sångare,Subalpine Warbler,Sylvia cantillans,SYLCAN,699,1,1,0,2,47,166,182,365,1,1,SYLCAN,,,
kääpiökerttu,ökensångare,Asian Desert Warbler ,Sylvia nana,SYLNAN,702,1,1,0,2,47,166,182,365,1,1,SYLNAN,,,
kirjokerttu,höksångare,Barred Warbler,Sylvia nisoria,SYLNIS,703,1,1,0,2,47,166,196,365,1,0,SYLNIS,,,
hernekerttu,ärtsångare,Lesser Whitethroat,Sylvia curruca,SYLCUR,704,1,0,0,2,47,166,196,365,1,0,SYLCUR,x,,
pensaskerttu,törnsångare,Common Whitethroat,Sylvia communis,SYLCOM,705,1,0,0,2,47,166,196,365,1,0,SYLCOM,x,,
lehtokerttu,trädgårdssångare,Garden Warbler,Sylvia borin,SYLBOR,706,1,0,0,2,47,166,196,365,1,0,SYLBOR,x,,
mustapääkerttu,svarthätta,Eurasian Blackcap,Sylvia atricapilla,SYLATR,707,1,0,0,2,47,166,196,365,1,0,SYLATR,x,,
idänuunilintu,lundsångare,Greenish Warbler,Phylloscopus trochiloides,PHYDES,712,1,1,0,2,47,166,196,365,1,1,PHYDES,,,
lapinuunilintu,nordsångare,Arctic Warbler,Phylloscopus borealis,PHYBOR,714,1,1,0,2,47,166,196,365,1,1,PHYBOR,,,
hippiäisuunilintu,kungsfågelsångare,Pallas's Leaf Warbler,Phylloscopus proregulus,PHYPRO,715,1,1,0,2,47,166,196,365,1,1,PHYPRO,,,
taigauunilintu,tajgasångare,Yellow-browed Warbler,Phylloscopus inornatus,PHYINO,716,1,1,0,2,47,166,196,365,1,1,PHYINO,x,H,
kashmirinuunilintu,bergtajgasångare,Hume's Leaf Warbler,Phylloscopus humei,PHYHUM,718,1,1,0,2,47,166,196,365,1,1,PHYHUM,,,
siperianuunilintu,videsångare,Radde's Warbler,Phylloscopus schwarzi,PHYSCH,720,1,1,0,2,47,166,196,365,1,1,PHYSCH,,,
ruskouunilintu,brunsångare,Dusky Warbler,Phylloscopus fuscatus,PHYFUS,721,1,1,0,2,47,166,196,365,1,1,PHYFUS,,,
vuoriuunilintu,bergsångare,Western Bonelli's Warbler,Phylloscopus bonelli,PHYBON,723,1,1,0,2,47,166,196,365,1,1,PHYBON,,,
sirittäjä,grönsångare,Wood Warbler,Phylloscopus sibilatrix,PHYSIB,726,1,0,0,2,47,166,196,365,1,0,PHYSIB,x,,
tiltaltti,gransångare,Common Chiffchaff,Phylloscopus collybita,PHYCOL,727,1,0,0,2,47,166,196,365,1,0,PHYCOL,x,,
pajulintu,lövsångare,Willow Warbler,Phylloscopus trochilus,PHYLUS,733,1,0,0,2,47,166,196,365,1,0,PHYLUS,x,,
hippiäinen,kungsfågel,Goldcrest,Regulus regulus,REGREG,736,1,0,0,2,60,151,196,365,1,1,REGREG,x,H,
tulipäähippiäinen,brandkronad kungsfågel,Common Firecrest,Regulus ignicapilla,REGIGN,737,1,1,0,2,60,166,196,365,1,1,REGIGN,,,
harmaasieppo,grå flugsnappare,Spotted Flycatcher,Muscicapa striata,MUSSTR,738,1,0,0,2,47,166,196,365,0,1,MUSSTR,x,,
pikkusieppo,mindre flugsnappare,Red-breasted Flycatcher,Ficedula parva,FICPAR,740,1,0,0,2,47,166,196,365,1,1,FICPAR,x,,
sepelsieppo,halsbandsflugsnappare,Collared Flycatcher,Ficedula albicollis,FICALB,742,1,1,0,2,47,166,196,365,1,1,FICALB,,,
kirjosieppo,svartvit flugsnappare,European Pied Flycatcher,Ficedula hypoleuca,FICHYP,744,1,0,0,2,47,166,196,365,1,1,FICHYP,x,,
viiksitimali,skäggmes,Bearded Reedling,Panurus biarmicus,PANBIA,747,1,1,0,2,47,151,196,365,1,1,PANBIA,,,
pyrstötiainen,stjärtmes,Long-tailed Tit,Aegithalos caudatus,AEGCAU,748,1,0,0,2,60,151,196,365,1,1,AEGCAU,x,H,
sinitiainen,blåmes,Eurasian Blue Tit,Cyanistes caeruleus,CYACAE,753,1,0,0,2,60,151,196,365,0,1,PARCAE,x,,
talitiainen,talgoxe,Great Tit,Parus major,PARMAJ,754,1,0,0,2,60,151,196,365,0,1,PARMAJ,x,,
kuusitiainen,svartmes,Coal Tit,Periparus ater,PERATE,755,1,0,0,2,60,151,196,365,1,1,PARATE,x,,
töyhtötiainen,tofsmes,European Crested Tit,Lophophanes cristatus,LOPCRI,757,1,0,0,2,60,151,196,365,1,1,PARCRI,x,,
viitatiainen,entita,Marsh Tit,Poecile palustris,POEPAL,759,1,0,0,2,60,151,196,365,1,1,PARPAL,,,
hömötiainen,talltita,Willow Tit,Poecile montanus,POEMON,760,1,0,0,2,60,151,196,365,1,1,PARMON,x,,
lapintiainen,lappmes,Grey-headed Chickadee,Poecile cinctus,POECIN,762,1,1,0,2,60,151,196,365,1,1,PARCIN,,,
pähkinänakkeli,nötväcka,Eurasian Nuthatch,Sitta europaea,SITEUR,765,1,1,0,2,60,151,196,365,1,1,SITEUR,x,,
puukiipijä,trädkrypare,Eurasian Treecreeper,Certhia familiaris,CERFAM,768,1,0,0,2,60,151,196,365,1,1,CERFAM,x,H,
pussitiainen,pungmes,Eurasian Penduline Tit,Remiz pendulinus,REMPEN,770,1,1,0,2,47,166,196,365,1,1,REMPEN,,,
kuhankeittäjä,sommargylling,Eurasian Golden Oriole,Oriolus oriolus,ORIORI,771,1,1,0,2,47,166,196,365,1,1,ORIORI,,,
pikkulepinkäinen,törnskata,Red-backed Shrike,Lanius collurio,LANCOL,776,1,0,0,2,47,166,196,365,1,1,LANCOL,x,,
mustaotsalepinkäinen,svartpannad törnskata,Lesser Grey Shrike,Lanius minor,LANMIN,777,1,1,0,2,47,166,196,365,1,1,LANMIN,,,
isolepinkäinen,varfågel,Great Grey Shrike,Lanius excubitor,LANEXC,778,1,0,0,2,60,166,196,59,1,1,LANEXC,,,
punapäälepinkäinen,rödhuvad törnskata,Woodchat Shrike,Lanius senator,LANSEN,785,1,1,0,2,47,166,196,365,1,1,LANSEN,,,
närhi,nötskrika,Eurasian Jay,Garrulus glandarius,GARGLA,788,1,0,0,2,47,166,196,365,1,1,GARGLA,x,,
harakka,skata,Common Magpie,Pica pica,PICPIC,790,1,0,0,2,60,166,196,365,0,1,PICPIC,x,,
pähkinähakki,nötkråka,Spotted Nutcracker,Nucifraga caryocatactes,NUCCAR,791,1,0,0,2,47,166,196,365,1,1,NUCCAR,x,,
naakka,kaja,Western Jackdaw,Corvus monedula,CORMON,794,1,0,0,2,47,151,196,365,0,1,CORMON,x,,
mustavaris,råka,Rook,Corvus frugilegus,CORFRU,796,1,0,0,2,47,151,196,365,1,1,CORFRU,,,
varis,kråka,Hooded Crow,Corvus corone,CORNIX,797,1,0,0,2,47,151,196,365,0,1,CORNIX,x,,
korppi,korp,Northern Raven,Corvus corax,CORRAX,800,1,0,0,2,47,151,196,365,0,1,CORRAX,x,,
kottarainen,stare,Common Starling,Sturnus vulgaris,STUVUL,803,1,0,0,2,47,151,152,365,1,1,STUVUL,x,,
punakottarainen,rosenstare,Rosy Starling,Pastor roseus,PASROS,807,1,1,0,2,47,166,182,365,1,1,PASROS,,,
varpunen,gråsparv,House Sparrow,Passer domesticus,PASDOM,809,1,0,0,2,47,151,182,365,1,1,PASDOM,,,
pikkuvarpunen,pilfink,Eurasian Tree Sparrow,Passer montanus,PASMON,812,1,0,0,2,47,151,182,365,1,1,PASMON,x,,
peippo,bofink,Common Chaffinch,Fringilla coelebs,FRICOE,814,1,0,0,2,47,151,196,365,0,1,FRICOE,x,,
järripeippo,bergfink,Brambling,Fringilla montifringilla,FRIMON,815,1,0,0,2,47,181,196,365,1,1,FRIMON,x,,
keltahemppo,gulhämpling,European Serin,Serinus serinus,SERSER,817,1,1,0,2,47,181,196,365,1,1,SERSER,,,
viherpeippo,grönfink,European Greenfinch,Carduelis chloris,CARCHL,820,1,0,0,2,32,136,196,31,0,1,CARCHL,x,,
tikli,steglits,European Goldfinch,Carduelis carduelis,CARCAR,821,1,0,0,2,60,151,196,365,1,1,CARCAR,x,,
vihervarpunen,grönsiska,Eurasian Siskin,Carduelis spinus,CARSPI,822,1,0,0,2,60,151,182,59,0,1,CARSPI,x,,
hemppo,hämpling,Common Linnet,Carduelis cannabina,CARCAN,823,1,0,0,2,47,151,196,365,0,1,CARCAN,x,,
vuorihemppo,vinterhämpling,Twite,Carduelis flavirostris,CARRIS,824,1,1,0,2,60,151,196,59,1,1,CARRIS,,,
urpiainen,gråsiska,Common Redpoll,Carduelis flammea,CARMEA,825,1,0,0,2,60,151,196,59,1,1,CARMEA,x,,
tundraurpiainen,snösiska,Arctic Redpoll,Carduelis hornemanni,CARHOR,828,1,1,0,2,60,151,196,59,1,1,CARHOR,,,
kirjosiipikäpylintu,bändelkorsnäbb,Two-barred Crossbill,Loxia leucoptera,LOXLEU,831,1,1,0,2,47,151,182,365,1,1,LOXLEU,x,,
pikkukäpylintu,mindre korsnäbb,Red Crossbill,Loxia curvirostra,LOXCUR,832,1,0,0,2,47,151,182,365,1,1,LOXCUR,x,,
isokäpylintu,större korsnäbb,Parrot Crossbill,Loxia pytyopsittacus,LOXPYT,834,1,0,0,2,47,151,182,365,1,1,LOXPYT,x,,
punavarpunen,rosenfink,Common Rosefinch,Carpodacus erythrinus,CARERY,839,1,0,0,2,47,166,196,365,1,1,CARERY,x,,
taviokuurna,tallbit,Pine Grosbeak,Pinicola enucleator,PINENU,841,1,1,0,2,60,151,196,59,1,1,PINENU,,,
punatulkku,domherre,Eurasian Bullfinch,Pyrrhula pyrrhula,PYRPYR,843,1,0,0,2,47,151,182,46,0,1,PYRPYR,x,,
nokkavarpunen,stenknäck,Hawfinch,Coccothraustes coccothraustes,COCCOC,844,1,0,0,2,60,151,196,365,1,1,COCCOC,x,,
lapinsirkku,lappsparv,Lapland Longspur,Calcarius lapponicus,CALLAP,849,1,0,0,2,60,151,196,365,1,1,CALLAP,x,,
pulmunen,snösparv,Snow Bunting,Plectrophenax nivalis,PLENIV,850,1,0,0,2,47,151,196,46,1,1,PLENIV,x,,
keltasirkku,gulsparv,Yellowhammer,Emberiza citrinella,EMBCIT,854,1,0,0,2,60,151,196,365,0,1,EMBCIT,x,,
peltosirkku,ortolansparv,Ortolan Bunting,Emberiza hortulana,EMBHOR,855,1,0,0,2,47,166,196,365,1,1,EMBHOR,x,,
pohjansirkku,videsparv,Rustic Bunting,Emberiza rustica,EMBRUS,858,1,1,0,2,47,166,196,365,1,1,EMBRUS,,,
pikkusirkku,dvärgsparv,Little Bunting,Emberiza pusilla,EMBPUS,859,1,1,0,2,60,166,196,365,1,1,EMBPUS,,,
kultasirkku,gyllensparv,Yellow-breasted Bunting,Emberiza aureola,EMBAUR,861,1,1,0,2,47,166,196,365,1,1,EMBAUR,,,
pajusirkku,sävsparv,Common Reed Bunting,Emberiza schoeniclus,EMBSCH,863,1,0,0,2,47,151,196,365,0,1,EMBSCH,x,,
harmaasirkku,kornsparv,Corn Bunting,Emberiza calandra,EMBCAL,867,1,1,0,2,47,166,196,365,1,1,EMBCAL,,,
kultatöyhtösirkku,praktsparv,Yellow-throated Bunting,Emberiza elegans,EMBELE,869,1,1,0,2,47,151,196,365,1,1,EMBELE,,,
joutsenlaji,Cygnus (släktet),Unidentified Swan,Cygnus sp,CYGSP,8,0,0,0,2,NA,NA,NA,NA,NA,NA,CYG SP,,,
harmaahanhilaji,Anser (släktet),Unidentified Anser goose,Anser sp,ANSSP,33,0,0,0,2,NA,NA,NA,NA,NA,NA,ANS SP,,,
hanhilaji,ob. gås,Unidentified Goose,Anser / Branta,ANS/BRA,47,0,0,0,2,NA,NA,NA,NA,NA,NA,ANS/BRA,,,
sorsalaji,Anas (släktet),Anas duck species,Anas sp,ANASP,83,0,0,0,2,NA,NA,NA,NA,NA,NA,ANA SP,,,
tukkasotka / lapasotka,vigg / bergand,Tufted Duck/Greater Scaup,Aythya fuligula / Aythya marila,AYTFUL/AYTMAR,94,0,0,0,2,NA,NA,NA,NA,NA,NA,AYT F/M,,,
mustalintulaji,Melanitta (släktet),Unidentified Scoter,Melanitta sp,MELSP,115,0,0,0,2,NA,NA,NA,NA,NA,NA,MEL SP,,,
tukkakoskelo / isokoskelo,småskrake / storskrake,Red-breasted Merganser / Goosander,Mergus serrator / Mergus merganser,MERSER/MERMER,123,0,0,0,2,NA,NA,NA,NA,NA,NA,MER S/M,,,
iso vesilintu,stor sjöfågel,Unidentified Large waterfowl,magnus Anatidae,IV,128,0,0,0,2,NA,NA,NA,NA,NA,NA,IV,,,
pieni vesilintu,liten sjöfågel,Unidentified Small waterfowl,parvus Anatidae,PV,129,0,0,0,2,NA,NA,NA,NA,NA,NA,PV,,,
vesilintu,sjöfågel,Waterfowl,Anatidae sp,V,130,0,0,0,2,NA,NA,NA,NA,NA,NA,V,,,
amerikanjääkuikka / jääkuikka,svartnäbbad islom / vitnäbbad islom,Great Northern / Yellow-billed Diver,Gavia immer / Gavia adamsii,GAVIMM/GAVADA,155,0,0,0,2,NA,NA,NA,NA,NA,NA,GAVIMM/GAVADA,,,
kuikkalaji,Gavia (släktet),Diver species,Gavia sp,GAVSP,156,0,0,0,2,NA,NA,NA,NA,NA,NA,GAV SP,,,
silkkiuikku / härkälintu,skäggdopping / gråhakedopping,Great Crested / Red-necked Grebe,Podiceps cristatus / Podiceps grisegena,PODCRI/PODGRI,160,0,0,0,2,NA,NA,NA,NA,NA,NA,POD C/G,,,
mustakurkku-uikku / mustakaulauikku,svarthakedopping / svarthalsad dopping,Slavonian / Black-necked Grebe,Podiceps auritus / Podiceps nigricollis,PODAUR/PODNIG,163,0,0,0,2,NA,NA,NA,NA,NA,NA,PODAUR/PODNIG,,,
uikkulaji,Podiceps (släktet),Unidentified Grebe species,Podiceps sp,PODSP,164,0,0,0,2,NA,NA,NA,NA,NA,NA,POD SP,,,
merimetsolaji,Phalacrocorax (släktet),Unidentified Cormorant species,Phalacrocorax sp,PHAAXSP,180,0,0,0,2,NA,NA,NA,NA,NA,NA,PHAAXSP,,,
hanhi / merimetso,gås / skarv,Unidentified Goose or cormorant species,Anserini / Phalacrocorax,ANS/BRA/PHA,181,0,0,0,2,NA,NA,NA,NA,NA,NA,ANS/BRA/PHA,,,
arosuohaukka / niittysuohaukka,stäpphök / ängshök,Hen / Pallied / Montagu's Harrier,Circus macrourus / Circus pygargus,CIRMAC/CIRPYG,231,0,0,0,2,NA,NA,NA,NA,NA,NA,CIR M/P,,,
sinisuohaukka / arosuohaukka / niittysuohaukka,blå kärrhök / stäpphök / ängshök,Pallied / Montagu's Harrier,Circus cyaneus / Circus macrourus / Circus pygargus,CIRCYA/CIRMAC/CIRPYG,232,0,0,0,2,NA,NA,NA,NA,NA,NA,CIR CMP,,,
suohaukkalaji,Circus (släktet),Unidentified Harrier species,Circus sp,CIRSP,233,0,0,0,2,NA,NA,NA,NA,NA,NA,CIR SP,,,
varpushaukkalaji,Accipiter (släktet),Unidentified Accipiter hawk,Accipiter sp,ACCSP,238,0,0,0,2,NA,NA,NA,NA,NA,NA,ACC SP,,,
hiirihaukkalaji,Buteo (släktet),Unidentified Buteo buzzard,Buteo sp,BUTSP,244,0,0,0,2,NA,NA,NA,NA,NA,NA,BUT SP,,,
mehiläishaukka / hiirihaukkalaji,ob. vråk,Unidentified buzzard,Pernis / Buteo,PER/BUT,245,0,0,0,2,NA,NA,NA,NA,NA,NA,PER/BUT,,,
kiljukotka / pikkukiljukotka,större skrikörn / mindre skrikörn,Unidentified Spotted Eagle,Aquila clanga / Aquila pomarina,AQUCLA/AQUPOM,249,0,0,0,2,NA,NA,NA,NA,NA,NA,AQUCLA/AQUPOM,,,
kiljukotka / pikkukiljukotka / arokotka,större skrikörn / mindre skrikörn / stäppörn,Unidentified Spotted Eagle / Steppe Eagle,Aquila clanga / Aquila pomarina / Aquila pomarina,AQUCLA/AQUPOM/AQUNIP,250,0,0,0,2,NA,NA,NA,NA,NA,NA,AQUCLA/AQUPOM/AQUNIP,,,
kotkalaji (Aquila),Aquila (släktet),Unidentified Aquila,Aquila sp,AQUSP,257,0,0,0,2,NA,NA,NA,NA,NA,NA,AQU SP,,,
kotkalaji,ob. örn,Unidentified Eagle,Haliaetus / Aquila,HAL/AQU,258,0,0,0,2,NA,NA,NA,NA,NA,NA,HAL/AQU,,,
jalohaukkalaji,Falco (släktet),Unidentified Falcon,Falco sp,FALSP,273,0,0,0,2,NA,NA,NA,NA,NA,NA,FAL SP,,,
iso jalohaukka,stor falk,Unidentified Large Falcon,magnus Falco,IFAL,274,0,0,0,2,NA,NA,NA,NA,NA,NA,IFAL,,,
pieni jalohaukka,liten falk,Unidentified Small Falcon,parvus Falco,PFAL,275,0,0,0,2,NA,NA,NA,NA,NA,NA,PFAL,,,
iso päiväpetolintu,stor dagrovfågel,Unidentified Large Raptor,magnus Accipitriformes,IP,276,0,0,0,2,NA,NA,NA,NA,NA,NA,IP,,,
pieni päiväpetolintu,liten dagrovfågel,Unidentified Small Raptor,parvus Accipitriformes,PP,277,0,0,0,2,NA,NA,NA,NA,NA,NA,PP,,,
kurmitsalaji,Pluvialis (släktet),Unidentified Pluvialis plover,Pluvialis sp,PLUSP,309,0,0,0,2,NA,NA,NA,NA,NA,NA,PLU SP,,,
tyllilaji,Charadrius (släktet),Unidentified Charadrius plover,Charadrius sp,CHASP,323,0,0,0,2,NA,NA,NA,NA,NA,NA,CHA SP,,,
kuovilaji,Numenius (släktet),Unidentified Numenius,Numenius sp,NUMSP,328,0,0,0,2,NA,NA,NA,NA,NA,NA,NUM SP,,,
sirrilaji,Calidris (släktet),Unidentified Calidris sandpiper,Calidris sp,CALSP,357,0,0,0,2,NA,NA,NA,NA,NA,NA,CAL SP,,,
taivaanvuohilaji,Gallinago (släktet),Unidentified Snipe,Gallinago sp,GALSP,384,0,0,0,2,NA,NA,NA,NA,NA,NA,GAL SP,,,
iso kahlaaja,stor vadare,Unidentified large wader,IK (iso kahlaaja),IK,391,0,0,0,2,NA,NA,NA,NA,NA,NA,IK,,,
keskikokoinen kahlaaja,medelstor vadare,Unidentified Middle size wader,KK (Keskikokoinen kahlaaja),KK,392,0,0,0,2,NA,NA,NA,NA,NA,NA,KK,,,
pieni kahlaaja,liten vadare,Unidentified small wader,PK (pieni kahlaaja),PK,393,0,0,0,2,NA,NA,NA,NA,NA,NA,PK,,,
kahlaaja,ob. vadare,Unidentified wader,K (kahlaaja),K,396,0,0,0,2,NA,NA,NA,NA,NA,NA,K,,,
vesilintu / kahlaaja,sjöfågel / vadare,Unidentified waterfowl / wader,V / K (vesilintu / kahlaaja),V/K,397,0,0,0,2,NA,NA,NA,NA,NA,NA,V/K,,,
kihulaji,Stercorarius (släktet),Unidentified Skua,Stercorarius sp,STERCSP,403,0,0,0,2,NA,NA,NA,NA,NA,NA,STERCO,,,
ruokki / kiislalaji,ob. alka,Razorbill / Unidentified Murre,Alca / Uria,ALC/URI,410,0,0,0,2,NA,NA,NA,NA,NA,NA,URI/ALC,,,
hietatiira / riuttatiira,sandtärna / kentsk tärna,Sandwich / Gull-billed Tern,Gelochelidon nilotica / Sterna sandvicensis,GELNIL/STESAN,419,0,0,0,2,NA,NA,NA,NA,NA,NA,GELNIL/STESAN,,,
kalatiira / lapintiira,fisktärna / silvertärna,Common / Arctic Tern,Sterna hirundo / Sterna paradisaea,STEHIR/STEAEA,422,0,0,0,2,NA,NA,NA,NA,NA,NA,STE H/A,,,
tiiralaji (Sterna),Sterna (släktet),Unidentified Tern,Sterna sp,STERNSP,423,0,0,0,2,NA,NA,NA,NA,NA,NA,STERNSP,,,
grönlanninlokki / isolokki,vitvingad trut / vittrut,Iceland / Glaugous Gull,Larus glaucoides / Larus hyperboreus,LARGLA/LARHYP,462,0,0,0,2,NA,NA,NA,NA,NA,NA,LARGLA/LARHYP,,,
lokkilaji,Larus (släktet),Unidentified Gull,Larus sp,LARSP,465,0,0,0,2,NA,NA,NA,NA,NA,NA,LAR SP,,,
selkälokki / harmaalokki / isolokki / merilokki,ob. trut,Unidentified Large Gull,magnus Larus,ILAR,467,0,0,0,2,NA,NA,NA,NA,NA,NA,ILAR,,,
pikkulokki / pikkukajava / naurulokki / kalalokki,ob. mås,Unidentified Small Gull,parvus Laridae,PLAR,468,0,0,0,2,NA,NA,NA,NA,NA,NA,PLAR,,,
kyyhkylaji (Columba),Columba (släktet),Unidentified Columba Dove,Columba sp,COLSP,473,0,0,0,2,NA,NA,NA,NA,NA,NA,COL SP,,,
turturikyyhkylaji,Streptopelia (släktet),Unidentified Streptopelia dove,Streptopelia sp,STREPSP,482,0,1,0,2,NA,NA,NA,NA,NA,NA,STREPSP,,,
sarvipöllölaji,Asio (släktet),Long-/Short-eared Owl,Asio sp,ASISP,505,0,1,0,2,NA,NA,NA,NA,NA,NA,ASI SP,,,
keskikokoinen tikka,medelstor hackspett,Unidentified Middle-sized Woodpecker,medium Picidae,KT,539,0,0,0,2,NA,NA,NA,NA,NA,NA,KT,,,
haarapääsky X räystäspääsky,ladusvala X hussvala,Barn Swallow x House Martin,Hirundo rustica X Delichon urbicum,HIRRUSXDELURB ,562,0,1,0,2,NA,NA,NA,NA,NA,NA,HIRRUSXDELURB ,,,
pääsky,ob. svala,Unidentified Swallow / Martin,Riparia / Hirundo / Delichon,RIP/HIR/DEL,566,0,0,0,2,NA,NA,NA,NA,NA,NA,R/H/D,,,
isokirvinen / mongoliankirvinen,större piplärka / mongolpiplärka,Richard's / Blyth's Pipit,Anthus richardi / Anthus godlewskii,ANTRIC/ANTGOD,569,0,1,0,2,NA,NA,NA,NA,NA,NA,ANTRIC/ANTGOD,,,
isokirvinen / mongoliankirvinen / nummikirvinen,större piplärka / mongolpiplärka / fältpiplärka,Richard's / Blyth's / Tawny Pipit,Anthus richardi / Anthus godlewskii / Anthus campestris,ANTRIC/ANTGOD/ANTCAM,571,0,1,0,2,NA,NA,NA,NA,NA,NA,ANTRIC/ANTGOD/ANTCAM,,,
kirvislaji,Anthus (släktet),Unidentified Pipit,Anthus sp,ANTSP,580,0,0,0,2,NA,NA,NA,NA,NA,NA,ANT SP,,,
västäräkkilaji,Motacilla (släktet),Unidentified Wagtail,Motacilla sp,MOTSP,598,0,0,0,2,NA,NA,NA,NA,NA,NA,MOT SP,,,
kivitaskulaji,Oenanthe (släktet),Unidentified Wheatear,Oenanthe sp,OENSP,646,0,0,0,2,NA,NA,NA,NA,NA,NA,OEN SP,,,
rastaslaji (Turdus),Turdus (släktet),Unidentified Thrush,Turdus sp,TURSP,666,0,0,0,2,NA,NA,NA,NA,NA,NA,TUR SP,,,
iso rastas,stor trast,Unidentified Large Thrush,magnus Turdus,ITUR,667,0,0,0,2,NA,NA,NA,NA,NA,NA,I TUR,,,
pieni rastas,liten trast,Unidentified Small Thrush,parvus Turdus,PTUR,668,0,0,0,2,NA,NA,NA,NA,NA,NA,P TUR,,,
viitakerttunen / luhtakerttunen / rytikerttunen,busksångare / kärrsångare / rörsångare,Unidentified Reed Warbler,Acrocephalus dumetorum / Acrocephalus palustris / Acrocephalus scirpaceus,ACRDUM/ACRRIS/ACRSCI,695,0,0,0,2,NA,NA,NA,NA,NA,NA,ACR DRS,,,
kerttuslaji,Acrocephalus (släktet),Unidentified Acrocephalus warbler,Acrocephalus sp,ACRSP,697,0,0,0,2,NA,NA,NA,NA,NA,NA,ACR SP,,,
uunilintulaji,Phylloscopus (släktet),Unidentified Phylloscopus warbler,Phylloscopus sp,PHYSP,735,0,0,0,2,NA,NA,NA,NA,NA,NA,PHY SP,,,
kirjosieppolaji,Ficedula (släktet),Unidentified Flycatcher,Ficedula sp,FICSP,746,0,0,0,2,NA,NA,NA,NA,NA,NA,FIC SP,,,
kuusitiainen x hömötiainen,svartmes x talltita,Willow x Coal Tit,Periparus ater x Poecile montanus,PERATEXPOEMON,756,0,1,0,2,NA,NA,NA,NA,NA,NA,PERATEXPOEMON,,,
hömötiainen X lapintiainen,talltita X lappmes,Willow x Siberian Tit,Poecile montanus X Poecile cinctus,POEMONXPOECIN,761,0,1,0,2,NA,NA,NA,NA,NA,NA,POEMONXPOECIN,,,
tiaislaji,ob. mes / tita,Unidentified Tit species,Cyanistes / Parus / Periparus / Lophophanes / Poecile,CYA/PAR/PER/LOP/POE,763,0,1,0,2,NA,NA,NA,NA,NA,NA,PAR SP,,,
nokivaris,kråka (rasen corone),Carrion Crow,Corvus corone corone,CORONEONE,798,0,1,0,2,NA,NA,NA,NA,NA,NA,CORONEONE,,,
varislaji,Corvus (släktet),Unidentified Crow,Corvus sp,CORSP,801,0,0,0,2,NA,NA,NA,NA,NA,NA,COR SP,,,
korppi / varis / mustavaris,korp / kråka / råka,Unidentified Large Crow,magnus Corvus,ICOR,802,0,0,0,2,NA,NA,NA,NA,NA,NA,I COR,,,
tilhi / kottarainen,sidensvans / stare,Waxwing / Starling,Bombycilla / Sturnus,BOM/STU,806,0,0,0,2,NA,NA,NA,NA,NA,NA,BOM/STU,,,
peippolaji,Fringilla (släktet),Chaffinch / Brambling,Fringilla sp,FRISP,816,0,0,0,2,NA,NA,NA,NA,NA,NA,FRI SP,,,
tiklilaji,Carduelis (släktet),Unidentified Carduelis species,Carduelis sp,CARSP,830,0,0,0,2,NA,NA,NA,NA,NA,NA,CAR SP,,,
pikkukäpylintu / isokäpylintu,mindre korsnäbb / större korsnäbb,Common / Parrot Crossbill,Loxia curvirostra / Loxia pytyopsittacus,LOXCUR/LOXPYT,835,0,0,0,2,NA,NA,NA,NA,NA,NA,LOX C/P,,,
käpylintulaji,Loxia (släktet),Unidentified Crossbill,Loxia sp,LOXSP,836,0,0,0,2,NA,NA,NA,NA,NA,NA,LOX SP,,,
pohjansirkku / pikkusirkku / kultasirkku,videsparv / dvärgsparv / gyllensparv,Rustic / Little / Yellow-breasted Bunting,Emberiza rustica / Emberiza pusilla / Emberiza aureola,EMBRUS/EMBPUS/EMBAUR,862,0,0,0,2,NA,NA,NA,NA,NA,NA,EMB RPA,,,
iso pikkulintu,stor småfågel,Unidentified Large Songbird,IPL (iso pikkulintu),IPL,874,0,0,0,2,NA,NA,NA,NA,NA,NA,IPL,,,
keskikokoinen pikkulintu,medelstor småfågel,Unidentified Middle-sized Songbird,KPL (keskikokoinen pikkulintu),KPL,875,0,0,0,2,NA,NA,NA,NA,NA,NA,KPL,,,
pieni pikkulintu,liten småfågel,Unidentified Small Songbird,PPL (pieni pikkulintu),PPL,876,0,0,0,2,NA,NA,NA,NA,NA,NA,PPL,,,
pikkulintu,ob. småfågel,Unidentified Songbird,PL (pikkulintu),PL,879,0,0,0,2,NA,NA,NA,NA,NA,NA,PL,,,
iso lintu,stor fågel,Large bird,magnus Aves,IL,880,0,0,0,2,NA,NA,NA,NA,NA,NA,IL,,,
